key,Gene
chr2 25235726 A>G,DNMT3A
chr2 25244163 G>A,DNMT3A
chr2 25244567 A>C,DNMT3A
chr2 25247692 AG>A,DNMT3A
chr2 25248080 TC>T,DNMT3A
chr2 25241676 C>CA,DNMT3A
chr2 25240420 T>C,DNMT3A
chr2 25247682 C>T,DNMT3A
chr2 25245264 G>A,DNMT3A
chr2 25234373 C>T,DNMT3A
chr2 25240678 TCATTG>T,DNMT3A
chr2 25247685 G>T,DNMT3A
chr2 25236968 G>A,DNMT3A
chr2 25244577 G>A,DNMT3A
chr2 25247663 C>T,DNMT3A
chr2 25247070 G>A,DNMT3A
chr2 25243931 G>A,DNMT3A
chr2 25246160 C>G,DNMT3A
chr2 25241668 C>T,DNMT3A
chr2 25244567 A>T,DNMT3A
chr2 25244257 G>T,DNMT3A
chr2 25239132 GT>AG,DNMT3A
chr2 25247057 G>GA,DNMT3A
chr2 25235750 T>C,DNMT3A
chr2 25240708 T>C,DNMT3A
chr2 25240715 G>A,DNMT3A
chr2 25247629 G>A,DNMT3A
chr2 25241699 C>G,DNMT3A
chr2 25239131 T>C,DNMT3A
chr2 25246643 GGGCCAGAAGGCTGGAAGCCCCCC>G,DNMT3A
chr2 25240718 C>T,DNMT3A
chr2 25240366 CAGA>C,DNMT3A
chr2 25247690 C>T,DNMT3A
chr2 25239156 G>C,DNMT3A
chr2 25247599 ATTTGCCGTCTC>A,DNMT3A
chr2 25240663 T>C,DNMT3A
chr2 25240714 G>A,DNMT3A
chr2 25235770 TC>T,DNMT3A
chr2 25244319 C>T,DNMT3A
chr2 25235759 G>A,DNMT3A
chr2 25246660 GC>G,DNMT3A
chr2 25239199 A>G,DNMT3A
chr2 25244636 CA>C,DNMT3A
chr2 25240724 C>A,DNMT3A
chr2 25240428 AAAG>A,DNMT3A
chr2 25241675 C>T,DNMT3A
chr2 25240697 C>G,DNMT3A
chr2 25236936 C>G,DNMT3A
chr2 25240313 G>A,DNMT3A
chr2 25239149 T>C,DNMT3A
chr2 25240324 CT>C,DNMT3A
chr2 25240318 A>G,DNMT3A
chr2 25236960 A>C,DNMT3A
chr2 25244615 T>C,DNMT3A
chr2 25244263 C>T,DNMT3A
chr2 25234322 C>G,DNMT3A
chr2 25247611 C>T,DNMT3A
chr2 25245257 C>T,DNMT3A
chr2 25235824 A>G,DNMT3A
chr2 25244222 A>G,DNMT3A
chr2 25241665 T>C,DNMT3A
chr2 25234354 CA>C,DNMT3A
chr2 25246644 GGCCAGAAGGCT>G,DNMT3A
chr2 25243943 T>C,DNMT3A
chr2 25240690 C>A,DNMT3A
chr2 25234329 C>CT,DNMT3A
chr2 25241609 C>G,DNMT3A
chr2 25239153 C>T,DNMT3A
chr2 25244609 T>C,DNMT3A
chr2 25240358 C>CA,DNMT3A
chr2 25240310 A>T,DNMT3A
chr2 25246679 A>T,DNMT3A
chr2 25241612 G>A,DNMT3A
chr2 25247666 C>T,DNMT3A
chr2 25246761 C>G,DNMT3A
chr2 25247714 C>T,DNMT3A
chr2 25245284 AG>A,DNMT3A
chr2 25244330 CA>C,DNMT3A
chr2 25240313 G>GC,DNMT3A
chr2 25240709 C>A,DNMT3A
chr2 25241588 C>A,DNMT3A
chr2 25247718 A>C,DNMT3A
chr2 25239196 TC>T,DNMT3A
chr2 25247056 G>C,DNMT3A
chr2 25247704 G>A,DNMT3A
chr2 25234334 A>T,DNMT3A
chr2 25241581 C>T,DNMT3A
chr2 25245265 G>C,DNMT3A
chr2 25240697 C>T,DNMT3A
chr2 25234307 G>A,DNMT3A
chr2 25239209 G>T,DNMT3A
chr2 25246046 AC>A,DNMT3A
chr2 25247687 C>A,DNMT3A
chr2 25244320 A>T,DNMT3A
chr2 25240375 G>C,DNMT3A
chr2 25240378 C>G,DNMT3A
chr2 25240439 G>A,DNMT3A
chr2 25240420 T>G,DNMT3A
chr2 25239151 C>A,DNMT3A
chr2 25247055 A>T,DNMT3A
chr2 25240417 C>T,DNMT3A
chr2 25239158 AG>A,DNMT3A
chr2 25241618 G>A,DNMT3A
chr2 25246755 TC>T,DNMT3A
chr2 25234412 C>T,DNMT3A
chr2 25247606 G>GTC,DNMT3A
chr2 25246659 A>G,DNMT3A
chr2 25234289 G>A,DNMT3A
chr2 25235823 GAACTAGATGAAGAGGAGA>G,DNMT3A
chr2 25239137 T>C,DNMT3A
chr2 25240699 A>G,DNMT3A
chr2 25239148 T>C,DNMT3A
chr2 25247052 T>G,DNMT3A
chr2 25240713 TG>T,DNMT3A
chr2 25246623 C>A,DNMT3A
chr2 25234355 A>G,DNMT3A
chr2 25247695 A>G,DNMT3A
chr2 25245300 TAA>T,DNMT3A
chr2 25241660 C>A,DNMT3A
chr2 25234380 T>C,DNMT3A
chr2 25248147 G>A,DNMT3A
chr2 25247625 C>T,DNMT3A
chr2 25240408 T>G,DNMT3A
chr2 25240678 TC>T,DNMT3A
chr2 25246763 C>T,DNMT3A
chr2 25240646 G>A,DNMT3A
chr2 25235768 G>A,DNMT3A
chr2 25245300 TAACATTG>T,DNMT3A
chr2 25241599 ATGAT>A,DNMT3A
chr2 25239143 G>C,DNMT3A
chr2 25235716 T>G,DNMT3A
chr2 25246671 C>T,DNMT3A
chr2 25247677 T>A,DNMT3A
chr2 25246023 CA>C,DNMT3A
chr2 25240641 G>T,DNMT3A
chr2 25247107 G>A,DNMT3A
chr2 25234396 A>T,DNMT3A
chr2 25243928 C>T,DNMT3A
chr2 25243930 C>T,DNMT3A
chr2 25245276 C>A,DNMT3A
chr2 25244214 G>A,DNMT3A
chr2 25235750 TG>T,DNMT3A
chr2 25244643 G>GA,DNMT3A
chr2 25247087 CTGCT>C,DNMT3A
chr2 25247687 C>T,DNMT3A
chr2 25240360 A>G,DNMT3A
chr2 25239159 G>T,DNMT3A
chr2 25246656 G>A,DNMT3A
chr2 25246671 C>G,DNMT3A
chr2 25240352 C>T,DNMT3A
chr2 25247696 G>C,DNMT3A
chr2 25241582 G>C,DNMT3A
chr2 25248216 C>CA,DNMT3A
chr2 25244152 CACAAATT>C,DNMT3A
chr2 25246178 TA>T,DNMT3A
chr2 25244248 G>T,DNMT3A
chr2 25245275 C>T,DNMT3A
chr2 25247076 C>T,DNMT3A
chr2 25243928 C>A,DNMT3A
chr2 25247657 C>CT,DNMT3A
chr2 25240306 A>T,DNMT3A
chr2 25247685 G>A,DNMT3A
chr2 25240429 A>G,DNMT3A
chr2 25247055 A>G,DNMT3A
chr2 25245293 TC>T,DNMT3A
chr2 25247719 C>A,DNMT3A
chr2 25247628 C>T,DNMT3A
chr2 25240438 CG>TC,DNMT3A
chr2 25240318 A>T,DNMT3A
chr2 25245296 AG>A,DNMT3A
chr2 25240438 C>G,DNMT3A
chr2 25246029 TC>T,DNMT3A
chr2 25234401 G>A,DNMT3A
chr2 25241582 G>A,DNMT3A
chr2 25244170 GT>G,DNMT3A
chr2 25247713 C>A,DNMT3A
chr2 25239153 C>A,DNMT3A
chr2 25234308 G>C,DNMT3A
chr2 25246764 G>C,DNMT3A
chr2 25240427 C>CA,DNMT3A
chr2 25239151 C>T,DNMT3A
chr2 25240315 G>C,DNMT3A
chr2 25240441 C>T,DNMT3A
chr2 25240312 C>T,DNMT3A
chr2 25243966 T>TA,DNMT3A
chr2 25241685 CA>C,DNMT3A
chr2 25245266 CA>C,DNMT3A
chr2 25239209 G>A,DNMT3A
chr2 25247611 C>A,DNMT3A
chr2 25248174 C>A,DNMT3A
chr2 25243921 G>C,DNMT3A
chr2 25234374 G>A,DNMT3A
chr2 25240360 A>C,DNMT3A
chr2 25239205 A>T,DNMT3A
chr2 25248124 G>GC,DNMT3A
chr2 25241591 C>T,DNMT3A
chr2 25247710 TC>T,DNMT3A
chr2 25248131 G>GC,DNMT3A
chr2 25247150 AAC>T,DNMT3A
chr2 25247149 CAA>C,DNMT3A
chr2 25247688 C>G,DNMT3A
chr2 25247152 C>T,DNMT3A
chr2 25244204 C>T,DNMT3A
chr2 25236938 T>A,DNMT3A
chr2 25239158 A>G,DNMT3A
chr2 25240416 GC>G,DNMT3A
chr2 25244203 C>T,DNMT3A
chr2 25234323 G>A,DNMT3A
chr2 25240435 A>ACCCG,DNMT3A
chr2 25234374 G>T,DNMT3A
chr2 25240315 G>A,DNMT3A
chr2 25235726 A>T,DNMT3A
chr2 25239136 A>G,DNMT3A
chr2 25235801 TA>T,DNMT3A
chr2 25239163 C>G,DNMT3A
chr2 25235723 A>C,DNMT3A
chr2 25247714 CCA>C,DNMT3A
chr2 25237000 A>T,DNMT3A
chr2 25247629 G>T,DNMT3A
chr2 25246642 AG>A,DNMT3A
chr2 25247647 G>A,DNMT3A
chr2 25240717 C>T,DNMT3A
chr2 25247736 A>G,DNMT3A
chr2 25247079 T>G,DNMT3A
chr2 25234378 C>A,DNMT3A
chr2 25240719 C>T,DNMT3A
chr2 25246035 A>AT,DNMT3A
chr2 25247730 A>G,DNMT3A
chr2 25244580 C>G,DNMT3A
chr2 25239166 G>T,DNMT3A
chr2 25234378 C>T,DNMT3A
chr2 25245317 C>T,DNMT3A
chr2 25240726 T>G,DNMT3A
chr2 25246056 C>CA,DNMT3A
chr2 25247686 G>C,DNMT3A
chr2 25244627 TG>T,DNMT3A
chr2 25235723 ACCAT>A,DNMT3A
chr2 25244564 A>T,DNMT3A
chr2 25234395 T>C,DNMT3A
chr2 25247676 A>C,DNMT3A
chr2 25244301 GC>G,DNMT3A
chr2 25247691 C>T,DNMT3A
chr2 25241621 C>T,DNMT3A
chr2 25239130 C>T,DNMT3A
chr2 25235790 G>GT,DNMT3A
chr2 25240705 A>G,DNMT3A
chr2 25240718 C>A,DNMT3A
chr2 25248178 CT>C,DNMT3A
chr2 25247719 C>G,DNMT3A
chr2 25235725 C>A,DNMT3A
chr2 25282462 G>A,DNMT3A
chr2 25240720 C>T,DNMT3A
chr2 25240708 T>A,DNMT3A
chr2 25244338 C>A,DNMT3A
chr2 25248163 G>GCTGGCCTCCTC,DNMT3A
chr2 25245318 A>G,DNMT3A
chr2 25236937 T>C,DNMT3A
chr2 25246061 CG>C,DNMT3A
chr2 25244233 GGTACCCTTGTGCCCGCACATGTAGC>CTA,DNMT3A
chr2 25241593 A>ACGTACATGATCTTCCCCTGGTGCCG,DNMT3A
chr2 25244629 G>C,DNMT3A
chr2 25240716 GC>G,DNMT3A
chr2 25246636 GC>G,DNMT3A
chr2 25245267 A>C,DNMT3A
chr2 25240369 A>T,DNMT3A
chr2 25240372 A>C,DNMT3A
chr2 25247748 TC>T,DNMT3A
chr2 25235792 T>C,DNMT3A
chr2 25234395 TATAGTGGACTGGGA>T,DNMT3A
chr2 25243933 A>G,DNMT3A
chr2 25240373 AG>A,DNMT3A
chr2 25246672 C>T,DNMT3A
chr2 25240317 G>C,DNMT3A
chr2 25240429 A>C,DNMT3A
chr2 25240418 G>A,DNMT3A
chr2 25234367 G>A,DNMT3A
chr2 25240402 G>T,DNMT3A
chr2 25247728 CA>C,DNMT3A
chr2 25247729 AA>G,DNMT3A
chr2 25247673 AC>A,DNMT3A
chr2 25235810 T>C,DNMT3A
chr2 25243936 G>A,DNMT3A
chr2 25247610 C>T,DNMT3A
chr2 25246183 T>TC,DNMT3A
chr2 25240368 G>T,DNMT3A
chr2 25240396 G>T,DNMT3A
chr2 25247142 A>G,DNMT3A
chr2 25246260 AG>A,DNMT3A
chr2 25234290 C>T,DNMT3A
chr2 25244330 C>T,DNMT3A
chr2 25240448 CCTCTGA>C,DNMT3A
chr2 25241617 C>A,DNMT3A
chr2 25247053 GC>AG,DNMT3A
chr2 25239140 C>T,DNMT3A
chr2 25244563 CAT>C,DNMT3A
chr2 25246744 CG>C,DNMT3A
chr2 25243928 C>G,DNMT3A
chr2 25247616 C>T,DNMT3A
chr2 25247127 G>T,DNMT3A
chr2 25241587 T>C,DNMT3A
chr2 25234331 G>A,DNMT3A
chr2 25240430 A>G,DNMT3A
chr2 25248195 GC>G,DNMT3A
chr2 25247721 A>G,DNMT3A
chr2 25246670 G>A,DNMT3A
chr2 25240715 G>C,DNMT3A
chr2 25247142 A>T,DNMT3A
chr2 25243901 T>C,DNMT3A
chr2 25240693 C>T,DNMT3A
chr2 25244212 TC>T,DNMT3A
chr2 25239154 C>T,DNMT3A
chr2 25246661 CC>A,DNMT3A
chr2 25246662 C>A,DNMT3A
chr2 25240432 A>T,DNMT3A
chr2 25241582 G>T,DNMT3A
chr2 25247133 A>T,DNMT3A
chr2 25234383 T>TGA,DNMT3A
chr2 25241587 T>A,DNMT3A
chr2 25246214 T>A,DNMT3A
chr2 25246659 A>C,DNMT3A
chr2 25248039 C>A,DNMT3A
chr2 25235758 G>A,DNMT3A
chr2 25240697 C>A,DNMT3A
chr2 25247089 GC>G,DNMT3A
chr2 25247142 A>C,DNMT3A
chr2 25234401 G>T,DNMT3A
chr2 25240726 TG>T,DNMT3A
chr2 25239155 A>T,DNMT3A
chr2 25246216 C>CG,DNMT3A
chr2 25240369 A>G,DNMT3A
chr2 25240431 G>T,DNMT3A
chr2 25245255 TG>T,DNMT3A
chr2 25239201 CATCACAGGGTTGG>C,DNMT3A
chr4 105259666 C>T,TET2
chr4 105237262 CA>C,TET2
chr4 105269662 G>A,TET2
chr4 105237080 T>TA,TET2
chr4 105236310 C>T,TET2
chr4 105261790 T>C,TET2
chr4 105236885 TA>T,TET2
chr4 105236868 C>T,TET2
chr4 105236499 CT>C,TET2
chr4 105269610 A>ATTGAATATGAACACAGAGCACTC,TET2
chr4 105236688 C>T,TET2
chr4 105236415 TC>T,TET2
chr4 105243601 T>C,TET2
chr4 105275068 CCAGT>C,TET2
chr4 105276348 CA>C,TET2
chr4 105276220 C>T,TET2
chr4 105237289 TA>T,TET2
chr4 105242904 C>T,TET2
chr4 105235713 C>T,TET2
chr4 105276157 A>C,TET2
chr4 105276092 G>A,TET2
chr4 105276160 A>G,TET2
chr4 105234223 TA>T,TET2
chr4 105235207 G>GA,TET2
chr4 105235530 C>T,TET2
chr4 105235501 GT>G,TET2
chr4 105261799 T>C,TET2
chr4 105276128 T>C,TET2
chr4 105259699 A>G,TET2
chr4 105241378 A>C,TET2
chr4 105276176 C>T,TET2
chr4 105275834 GCTCT>G,TET2
chr4 105275300 T>TA,TET2
chr4 105276107 CAA>C,TET2
chr4 105243704 ACT>A,TET2
chr4 105272736 GA>G,TET2
chr4 105236310 CAGTATTCAAAATCA>C,TET2
chr4 105242922 A>G,TET2
chr4 105236836 C>CA,TET2
chr4 105235633 G>A,TET2
chr4 105276210 CT>C,TET2
chr4 105243621 C>T,TET2
chr4 105236908 C>CAT,TET2
chr4 105272567 T>C,TET2
chr4 105236915 CTGTA>C,TET2
chr4 105243759 C>T,TET2
chr4 105276087 TGGG>T,TET2
chr4 105234781 C>CT,TET2
chr4 105243615 C>T,TET2
chr4 105234943 C>CA,TET2
chr4 105275596 TA>T,TET2
chr4 105236583 AG>A,TET2
chr4 105236613 C>T,TET2
chr4 105235803 AC>A,TET2
chr4 105243636 T>G,TET2
chr4 105235778 TG>T,TET2
chr4 105269712 A>G,TET2
chr4 105275537 ATACACTT>A,TET2
chr4 105275426 TG>T,TET2
chr4 105235318 C>CT,TET2
chr4 105272692 G>GA,TET2
chr4 105235889 AC>A,TET2
chr4 105269686 G>A,TET2
chr4 105272657 G>A,TET2
chr4 105276091 G>A,TET2
chr4 105235182 C>T,TET2
chr4 105269670 T>C,TET2
chr4 105235862 AG>A,TET2
chr4 105275460 TC>T,TET2
chr4 105237253 T>TTATAGAGTCACCTTCCA,TET2
chr4 105242911 G>A,TET2
chr4 105275364 C>A,TET2
chr4 105275771 GTGAACATCATTCACCTTCTCACATAATCCATAACTACAGTGCAGCTC>CA,TET2
chr4 105236055 C>T,TET2
chr4 105236210 AC>A,TET2
chr4 105235737 CA>C,TET2
chr4 105243622 G>A,TET2
chr4 105269692 A>G,TET2
chr4 105272859 AG>A,TET2
chr4 105272855 GA>G,TET2
chr4 105261769 T>C,TET2
chr4 105234701 CA>C,TET2
chr4 105269613 G>T,TET2
chr4 105276280 A>T,TET2
chr4 105276128 T>G,TET2
chr4 105235201 C>A,TET2
chr4 105241344 AT>A,TET2
chr4 105241372 A>G,TET2
chr4 105269665 C>T,TET2
chr4 105235872 C>T,TET2
chr4 105259615 TCAGG>T,TET2
chr4 105236137 CA>C,TET2
chr4 105236431 T>TA,TET2
chr4 105236814 C>T,TET2
chr4 105269703 C>T,TET2
chr4 105237054 A>T,TET2
chr4 105243612 G>A,TET2
chr4 105237431 CT>C,TET2
chr4 105275063 C>G,TET2
chr4 105241341 CA>C,TET2
chr4 105272833 CA>C,TET2
chr4 105259686 T>C,TET2
chr4 105243637 G>T,TET2
chr4 105234499 AG>A,TET2
chr4 105259708 G>T,TET2
chr4 105275056 C>T,TET2
chr4 105269730 C>T,TET2
chr4 105276010 C>T,TET2
chr4 105272882 C>T,TET2
chr4 105243708 T>C,TET2
chr4 105272739 AAGTC>A,TET2
chr4 105269661 C>A,TET2
chr4 105259638 G>T,TET2
chr4 105235183 AG>A,TET2
chr4 105234415 AT>A,TET2
chr4 105237250 A>AT,TET2
chr4 105234004 C>A,TET2
chr4 105236469 G>T,TET2
chr4 105236793 G>GC,TET2
chr4 105236453 TA>T,TET2
chr4 105236509 GA>G,TET2
chr4 105243775 AAG>A,TET2
chr4 105234591 T>TC,TET2
chr4 105236427 A>T,TET2
chr4 105259708 G>A,TET2
chr4 105275166 TCAGA>T,TET2
chr4 105259687 G>A,TET2
chr4 105236031 CCAGTGTTGAAACAGCA>C,TET2
chr4 105235468 C>G,TET2
chr4 105236691 C>T,TET2
chr4 105272628 AC>A,TET2
chr4 105236141 CC>AT,TET2
chr4 105234591 TC>T,TET2
chr4 105243757 G>A,TET2
chr4 105235676 TC>T,TET2
chr4 105236025 A>ATGTCC,TET2
chr4 105269671 C>T,TET2
chr4 105241410 A>G,TET2
chr4 105237174 AC>A,TET2
chr4 105275313 ATC>A,TET2
chr4 105235778 T>TG,TET2
chr4 105275304 T>G,TET2
chr4 105275312 CAT>C,TET2
chr4 105269710 A>G,TET2
chr4 105259729 T>C,TET2
chr4 105269698 G>A,TET2
chr4 105272916 C>T,TET2
chr4 105269665 C>G,TET2
chr4 105272591 C>T,TET2
chr4 105235980 A>T,TET2
chr4 105236446 C>A,TET2
chr4 105236665 GTC>G,TET2
chr4 105269646 G>T,TET2
chr4 105235494 AT>A,TET2
chr4 105234621 G>GA,TET2
chr4 105243756 C>T,TET2
chr4 105272661 A>T,TET2
chr4 105241390 G>A,TET2
chr4 105235078 CT>C,TET2
chr4 105269648 TCTGAAGGAAG>T,TET2
chr4 105269699 T>A,TET2
chr4 105235584 C>T,TET2
chr4 105276140 AGCGTGAGCTGCAT>A,TET2
chr4 105272774 C>T,TET2
chr4 105236227 A>AC,TET2
chr4 105276142 C>T,TET2
chr4 105272634 T>G,TET2
chr4 105243752 C>CAA,TET2
chr4 105234426 GAT>G,TET2
chr4 105259723 G>A,TET2
chr4 105259626 T>TG,TET2
chr4 105275943 T>A,TET2
chr4 105236188 AAATAAAG>A,TET2
chr4 105236918 T>A,TET2
chr4 105276133 T>C,TET2
chr4 105237189 CA>C,TET2
chr4 105276131 A>G,TET2
chr4 105236760 AC>A,TET2
chr4 105234763 TC>T,TET2
chr4 105235157 TC>T,TET2
chr4 105235809 A>T,TET2
chr4 105236247 C>T,TET2
chr4 105235155 CT>C,TET2
chr4 105234162 G>GTA,TET2
chr4 105236022 CT>C,TET2
chr4 105243738 T>TA,TET2
chr4 105261801 AT>A,TET2
chr4 105269647 G>T,TET2
chr4 105275312 C>A,TET2
chr4 105275807 ACAGTG>A,TET2
chr4 105236024 T>TA,TET2
chr4 105236246 TC>T,TET2
chr4 105276208 G>T,TET2
chr4 105235869 TC>T,TET2
chr4 105259681 G>A,TET2
chr4 105272621 C>T,TET2
chr4 105272901 AG>A,TET2
chr4 105275569 C>T,TET2
chr20 32434954 C>T,ASXL1
chr20 32435388 TA>T,ASXL1
chr20 32433492 C>T,ASXL1
chr20 32435076 ATGTGAGT>A,ASXL1
chr20 32434481 CTT>C,ASXL1
chr20 32434638 A>AG,ASXL1
chr20 32434638 A>AGG,ASXL1
chr20 32433834 C>T,ASXL1
chr20 32434617 GGC>G,ASXL1
chr20 32433447 C>T,ASXL1
chr20 32434599 TCACCACTGCCATAGAGAGGCGGC>T,ASXL1
chr20 32435281 CT>C,ASXL1
chr20 32435284 C>T,ASXL1
chr20 32434902 C>A,ASXL1
chr20 32436324 C>A,ASXL1
chr20 32435133 TC>T,ASXL1
chr20 32435406 G>A,ASXL1
chr20 32433739 CTG>C,ASXL1
chr20 32433796 C>CATCCTTTCCCGAA,ASXL1
chr20 32433645 G>GT,ASXL1
chr20 32436914 GGATGC>T,ASXL1
chr20 32436461 C>G,ASXL1
chr20 32435279 GC>G,ASXL1
chr20 32435804 AG>A,ASXL1
chr20 32435833 GC>G,ASXL1
chr20 32435328 C>A,ASXL1
chr20 32435224 A>T,ASXL1
chr20 32435638 C>T,ASXL1
chr20 32434638 AGG>A,ASXL1
chr20 32434636 GGA>G,ASXL1
chr20 32435014 C>T,ASXL1
chr20 32434629 TGCCATCGGAGG>T,ASXL1
chr20 32435409 ACCCATCCCAT>A,ASXL1
chr20 32435861 T>TG,ASXL1
chr20 32436833 T>TG,ASXL1
chr20 32435329 CC>T,ASXL1
chr20 32435327 GC>G,ASXL1
chr17 60663185 T>G,PPM1D
chr17 60663106 C>T,PPM1D
chr17 60663251 CT>C,PPM1D
chr17 60663337 A>T,PPM1D
chr17 60663077 AT>A,PPM1D
chr17 60663174 AGCCCTGACTTTAA>G,PPM1D
chr17 60663172 AAAGCCCTGACTTT>A,PPM1D
chr17 60663013 TGGCCAAGG>T,PPM1D
chr17 60663113 ATGTCCAAGGTG>A,PPM1D
chr17 60663336 T>TA,PPM1D
chr17 60663448 C>T,PPM1D
chr17 60663475 C>T,PPM1D
chr17 60663075 GA>G,PPM1D
chr17 60663262 CA>C,PPM1D
chr17 60663157 G>T,PPM1D
chr17 60663324 TC>T,PPM1D
chr17 60663083 TA>T,PPM1D
chr17 60663301 G>GCCCAAGAAATTGAAAGAACCCCTCCAACAAACTTTAAAAGGACATTAGAAGAGTC,PPM1D
chr17 60663168 C>A,PPM1D
chr17 60663181 AC>A,PPM1D
chr17 60663388 C>T,PPM1D
chr17 60663071 C>G,PPM1D
chr17 60663144 TC>T,PPM1D
chr17 60663136 TCAAAAGATCCAGAACCACTTGAAG>T,PPM1D
chr17 60663333 CT>C,PPM1D
chr17 60663182 CT>C,PPM1D
chr17 60663148 G>T,PPM1D
chr17 60663172 A>T,PPM1D
chr17 60663370 CT>C,PPM1D
chr17 60663013 TGG>T,PPM1D
chr17 60663083 T>A,PPM1D
chr17 60663169 G>CT,PPM1D
chr17 60663167 G>GC,PPM1D
chr17 60663014 G>A,PPM1D
chr17 60663515 T>A,PPM1D
chr17 60663160 GA>G,PPM1D
chr17 60663062 A>ATG,PPM1D
chr17 60663385 AG>A,PPM1D
chr17 60663194 A>AT,PPM1D
chr17 60663362 CT>C,PPM1D
chr17 60663262 C>CA,PPM1D
chr17 60663242 C>G,PPM1D
chr17 60663276 G>GA,PPM1D
chr17 60663347 T>G,PPM1D
chr17 60663037 C>CA,PPM1D
chr17 60663239 AT>A,PPM1D
chr17 60663461 TT>AAC,PPM1D
chr17 60663304 C>T,PPM1D
chr17 60663042 ACC>A,PPM1D
chr17 60663237 TA>T,PPM1D
chr17 60663200 CT>C,PPM1D
chr17 60663170 CT>C,PPM1D
chr17 60663133 CCCTCAAAAGA>AGAGGG,PPM1D
chr17 60663376 A>T,PPM1D
chr17 60663153 ACTTGAAGAAAATTGCG>A,PPM1D
chr17 60663345 AT>A,PPM1D
chr17 60663156 TG>T,PPM1D
chr17 60663129 CA>C,PPM1D
chr17 60663281 C>G,PPM1D
chr17 60663297 GA>G,PPM1D
chr17 60663118 C>T,PPM1D
chr17 60663274 A>T,PPM1D
chr17 60663166 TG>T,PPM1D
chr17 60663290 GCCAAATGA>T,PPM1D
chr17 60663363 TG>T,PPM1D
chr17 60663182 CTT>C,PPM1D
chr17 60663111 G>GA,PPM1D
chr17 60663362 C>TT,PPM1D
chr17 60663287 CTGGCCAAA>C,PPM1D
chr17 60663262 C>T,PPM1D
chr17 60663292 C>T,PPM1D
chr17 60663307 GA>G,PPM1D
chr17 60663365 G>GC,PPM1D
chr17 60663283 ACT>A,PPM1D
chr17 60663445 C>T,PPM1D
chr17 60663313 G>T,PPM1D
chr17 60663523 C>T,PPM1D
chr17 60663175 GC>G,PPM1D
chr17 60663180 GACTTT>G,PPM1D
chr17 60663329 CA>C,PPM1D
chr17 60663156 T>TG,PPM1D
chr17 60663092 C>G,PPM1D
chr17 60663365 GC>G,PPM1D
chr17 60663145 CCAGAACCACTTGAA>C,PPM1D
chr17 60663291 CCAAAT>C,PPM1D
chr17 60663077 ATT>A,PPM1D
chr17 60663340 AG>A,PPM1D
chr17 60663077 A>AT,PPM1D
chr17 60663182 C>CT,PPM1D
chr17 60663314 AAAGAACC>A,PPM1D
chr17 60663120 AG>A,PPM1D
chr17 60663015 G>A,PPM1D
chr17 60663137 C>G,PPM1D
chr17 60663361 TCTGGCCCC>T,PPM1D
chr17 60663251 C>CT,PPM1D
chr17 60663269 AT>A,PPM1D
chr17 60663307 G>T,PPM1D
chr17 60663262 CAA>C,PPM1D
chr17 60663334 TTTAAAAGGACATTAG>T,PPM1D
chr17 60662996 C>A,PPM1D
chr17 60663273 GAA>G,PPM1D
chr17 60663468 C>CA,PPM1D
chr17 60663172 A>AT,PPM1D
chr17 60663095 CT>C,PPM1D
chr17 60663019 AG>A,PPM1D
chr17 60663185 T>A,PPM1D
chr17 60663147 AG>A,PPM1D
chr17 60663109 G>T,PPM1D
chr17 60663281 CA>C,PPM1D
chr17 60663352 G>T,PPM1D
chr17 60663169 GC>G,PPM1D
chr17 60663160 G>T,PPM1D
chr17 60663153 ACTTGAAG>A,PPM1D
chr17 60663247 AAC>A,PPM1D
chr17 60663101 T>TAGCTCGAGAGAATGTCCAAGGTGTAGTCATACCCTCAAAAGATCCAGAACCACTTGAAGAAA,PPM1D
chr17 60663110 AG>A,PPM1D
chr17 60663269 A>AG,PPM1D
chr17 60663109 GA>G,PPM1D
chr17 60663181 ACT>A,PPM1D
chr17 60663185 TAAGG>A,PPM1D
chr17 60663184 TTAAG>T,PPM1D
chr17 60663144 T>TC,PPM1D
chr17 60663255 C>CA,PPM1D
chr17 60663040 A>ATACC,PPM1D
chr17 60663100 AT>A,PPM1D
chr17 60663099 GA>G,PPM1D
chr17 60663079 T>TTAAAA,PPM1D
chr17 60663148 GA>G,PPM1D
chr17 60663207 T>TA,PPM1D
chr17 60662997 ACT>A,PPM1D
chr17 60663265 A>T,PPM1D
chr17 60663167 GC>G,PPM1D
chr17 60663178 CT>TA,PPM1D
chr17 60663073 GA>G,PPM1D
chr17 60663111 GA>G,PPM1D
chr17 60663301 GC>G,PPM1D
chr17 60663292 CA>C,PPM1D
chr17 60663336 TA>T,PPM1D
chr17 60663113 AT>A,PPM1D
chr17 60663449 G>GA,PPM1D
chr17 60663011 CA>C,PPM1D
chr17 60663365 GC>A,PPM1D
chr17 60663164 AT>A,PPM1D
chr17 60663296 TG>T,PPM1D
chr17 60663458 CTG>C,PPM1D
chr17 60663203 T>A,PPM1D
chr17 60663154 CT>C,PPM1D
chr17 60663152 CA>C,PPM1D
chr17 60663333 C>CTT,PPM1D
chr17 60663177 CCT>C,PPM1D
chr17 60663200 C>CTTTGAATAATAGCCTTCCAATTGGCCTTGTGCCTACTAAT,PPM1D
chr17 60663179 TGACTTTAA>T,PPM1D
chr17 60663295 ATGAAAGCCCAAGAAAT>A,PPM1D
chr17 60663335 TTAAA>T,PPM1D
chr17 60662996 C>G,PPM1D
chr17 60663463 A>T,PPM1D
chr17 60663150 AC>A,PPM1D
chr17 60663005 AG>A,PPM1D
chr17 60663250 ACT>A,PPM1D
chr17 60663288 TG>T,PPM1D
chr17 60663004 G>T,PPM1D
chr17 60663064 GC>G,PPM1D
chr17 60663257 TG>T,PPM1D
chr17 60663443 C>A,PPM1D
chr17 60663333 CTT>C,PPM1D
chr17 60663375 GA>G,PPM1D
chr17 60663171 TA>T,PPM1D
chr17 60663185 TAA>G,PPM1D
chr17 60663184 TTA>T,PPM1D
chr17 60663319 AC>A,PPM1D
chr17 60663017 CA>C,PPM1D
chr17 60663060 CA>C,PPM1D
chr17 60663071 CAG>C,PPM1D
chr17 60663260 ACC>A,PPM1D
chr17 60663280 TC>T,PPM1D
chr17 60663281 C>A,PPM1D
chr17 60663328 AC>A,PPM1D
chr17 60663385 A>T,PPM1D
chr17 60663147 AGAACCAC>A,PPM1D
chr17 60663245 C>CAAACACT,PPM1D
chr17 7674247 T>C,TP53
chr17 7673820 C>T,TP53
chr17 7674242 A>C,TP53
chr17 7674241 G>A,TP53
chr17 7674243 A>T,TP53
chr17 7674947 A>G,TP53
chr17 7674230 C>T,TP53
chr17 7669644 GT>G,TP53
chr17 7674873 A>G,TP53
chr17 7674957 G>A,TP53
chr17 7674917 T>C,TP53
chr17 7674241 G>T,TP53
chr17 7675185 C>T,TP53
chr17 7675190 C>T,TP53
chr17 7675161 G>A,TP53
chr17 7676040 C>G,TP53
chr17 7674220 C>T,TP53
chr17 7673776 G>A,TP53
chr17 7673781 C>G,TP53
chr17 7673802 C>T,TP53
chr17 7675082 G>T,TP53
chr17 7674227 T>C,TP53
chr17 7674886 A>C,TP53
chr17 7675086 A>T,TP53
chr17 7674250 C>T,TP53
chr17 7675217 T>C,TP53
chr17 7674872 T>C,TP53
chr17 7674944 C>G,TP53
chr17 7675157 G>A,TP53
chr17 7674887 C>T,TP53
chr17 7673821 G>A,TP53
chr17 7674221 G>A,TP53
chr17 7675088 C>T,TP53
chr17 7675208 C>T,TP53
chr17 7674196 G>A,TP53
chr17 7675076 T>C,TP53
chr17 7673813 GCTGT>G,TP53
chr17 7675209 A>G,TP53
chr17 7673796 C>T,TP53
chr17 7673782 T>C,TP53
chr17 7676022 G>C,TP53
chr17 7675092 T>A,TP53
chr17 7675235 T>C,TP53
chr17 7676152 C>CG,TP53
chr17 7675205 T>G,TP53
chr17 7675223 A>G,TP53
chr17 7674218 T>C,TP53
chr17 7673539 A>G,TP53
chr17 7674945 G>A,TP53
chr17 7674252 C>T,TP53
chr17 7674893 C>A,TP53
chr17 7675143 CGCG>C,TP53
chr17 7674890 T>C,TP53
chr17 7675077 G>A,TP53
chr17 7674278 A>C,TP53
chr17 7674229 C>T,TP53
chr17 7673812 A>G,TP53
chr17 7675097 A>T,TP53
chr17 7674953 T>C,TP53
chr17 7673799 A>C,TP53
chr17 7674266 G>C,TP53
chr17 7675212 A>C,TP53
chr17 7674262 T>C,TP53
chr17 7673767 C>T,TP53
chr17 7674200 T>A,TP53
chr17 7674237 GCAGGAA>G,TP53
chr17 7673806 C>T,TP53
chr17 7675218 T>C,TP53
chr17 7669669 AC>A,TP53
chr17 7674252 C>G,TP53
chr17 7674215 GCCT>G,TP53
chr17 7674214 GGCCT>AG,TP53
chr17 7675199 G>A,TP53
chr17 7674885 C>T,TP53
chr17 7675084 G>C,TP53
chr17 7674263 A>G,TP53
chr17 7674873 A>T,TP53
chr17 7676034 C>T,TP53
chr17 7674216 C>G,TP53
chr17 7674280 TCAGAGCCAA>T,TP53
chr17 7675089 G>C,TP53
chr17 7675224 G>C,TP53
chr17 7675085 C>T,TP53
chr17 7675136 G>T,TP53
chr17 7674228 GC>G,TP53
chr17 7675070 C>G,TP53
chr17 7674233 C>T,TP53
chr17 7673790 C>A,TP53
chr17 7674942 C>T,TP53
chr17 7673779 C>G,TP53
chr17 7673824 C>T,TP53
chr17 7674887 C>A,TP53
chr17 7675086 A>C,TP53
chr17 7675236 A>G,TP53
chr17 7673794 C>G,TP53
chr17 7675080 G>C,TP53
chr17 7670714 A>C,TP53
chr17 7673803 G>A,TP53
chr17 7675994 C>T,TP53
chr17 7674952 A>T,TP53
chr17 7673544 G>GA,TP53
chr17 7674191 C>T,TP53
chr17 7675075 A>T,TP53
chr17 7675139 C>T,TP53
chr22 28687961 CG>C,CHEK2
chr22 28725012 T>C,CHEK2
chr22 28695809 G>A,CHEK2
chr22 28734431 C>T,CHEK2
chr22 28696905 A>AT,CHEK2
chr22 28696959 C>T,CHEK2
chr22 28689191 G>A,CHEK2
chr22 28725013 TG>T,CHEK2
chr22 28725090 A>G,CHEK2
chr22 28719418 G>C,CHEK2
chr22 28734664 G>A,CHEK2
chr22 28725254 G>A,CHEK2
chr22 28699927 C>A,CHEK2
chr22 28734439 G>A,CHEK2
chr22 28734424 G>A,CHEK2
chr22 28696966 T>TTAA,CHEK2
chr22 28712015 C>T,CHEK2
chr22 28695810 T>C,CHEK2
chr22 28703509 C>CCA,CHEK2
chr22 28695815 C>T,CHEK2
chr22 28695757 A>C,CHEK2
chr22 28734541 TCAGTGTCC>T,CHEK2
chr22 28734527 TGTCTCTAAG>T,CHEK2
chr22 28734529 TCTCTAAGGAGCTCAGTGTCC>AGCT,CHEK2
chr22 28687982 GA>G,CHEK2
chr22 28695783 GAACTTC>G,CHEK2
chr22 28699905 AC>A,CHEK2
chr22 28695722 A>AT,CHEK2
chr22 28725253 C>T,CHEK2
chr22 28699925 TC>T,CHEK2
chr22 28696957 C>G,CHEK2
chr22 28694062 TG>T,CHEK2
chr22 28695146 C>T,CHEK2
chr22 28695809 G>T,CHEK2
chr22 28695855 A>G,CHEK2
chr22 28734694 G>A,CHEK2
chr22 28719449 G>C,CHEK2
chr22 28687974 G>A,CHEK2
chr22 28734720 A>G,CHEK2
chr22 28696929 G>C,CHEK2
chr22 28734435 A>T,CHEK2
chr22 28719408 TTGACATGA>T,CHEK2
chr22 28734423 TG>T,CHEK2
chr22 28699857 T>C,CHEK2
chr22 28694041 CG>C,CHEK2
chr22 28711961 GCTA>G,CHEK2
chr22 28725292 CT>C,CHEK2
chr22 28696943 CT>C,CHEK2
chr22 28696960 G>A,CHEK2
chr22 28695794 G>A,CHEK2
chr22 28696956 T>C,CHEK2
chr22 28695186 T>TG,CHEK2
chr22 28725003 A>G,CHEK2
chr22 28699866 T>C,CHEK2
chr22 28695815 C>G,CHEK2
chr22 28695854 G>C,CHEK2
chr22 28696910 AC>A,CHEK2
chr22 28725040 TC>T,CHEK2
chr22 28725324 A>T,CHEK2
chr22 28734646 TA>T,CHEK2
chr9 5073770 G>T,JAK2
chr2 197402636 T>A,SF3B1
chr2 197402635 C>A,SF3B1
chr2 197402645 G>A,SF3B1
chr2 197402110 T>C,SF3B1
chr2 197401887 C>T,SF3B1
chr17 76736877 G>T,SRSF2
chr17 76736877 G>A,SRSF2
chr17 76737000 G>A,SRSF2
